MODEL,PARAMETERS,PRECISION,RECALL,AUC,F1,ACCURACY,Time
LR,"{'C': 1e-05, 'penalty': 'l2'}",1.0,0.10447761194,0.55223880597,0.189189189189,0.220779220779,0.003983497619628906
DT,"{'max_depth': 5, 'max_features': 'sqrt', 'criterion': 'entropy', 'min_samples_split': 10}",1.0,0.10447761194,0.55223880597,0.189189189189,0.220779220779,0.0018115043640136719
KNN,"{'algorithm': 'auto', 'weights': 'uniform', 'n_neighbors': 10}",0.947368421053,0.268656716418,0.584328358209,0.418604651163,0.350649350649,0.005351066589355469
RF,"{'max_depth': 10, 'max_features': 'sqrt', 'min_samples_split': 10, 'n_estimators': 1}",1.0,0.134328358209,0.567164179104,0.236842105263,0.246753246753,0.10946822166442871
NB,{},0.882352941176,0.44776119403,0.523880597015,0.594059405941,0.467532467532,0.005393505096435547
GB,"{'max_depth': 1, 'learning_rate': 0.5, 'subsample': 0.1, 'n_estimators': 100}",1.0,0.10447761194,0.55223880597,0.189189189189,0.220779220779,0.039011240005493164
AB,"{'algorithm': 'SAMME', 'n_estimators': 10}",1.0,0.0597014925373,0.529850746269,0.112676056338,0.181818181818,0.010685920715332031
